,field,type,desc,actuation,seal_type,pilot_type,back_pressure_check,pilot_valve,fitting_size,solenoid_qty,x_option
AA,valve_callout,base_mounted_valve,"2 POS SGL, RUBBER SEAL",1,0,,,,0,1,False
AB,valve_callout,base_mounted_valve,"2 POS DBL, RUBBER SEAL",2,0,,,,0,2,False
AC,valve_callout,base_mounted_valve,"3 POS CC, RUBBER SEAL",3,0,,,,0,2,False
AD,valve_callout,base_mounted_valve,"3 POS EC, RUBBER SEAL",4,0,,,,0,2,False
AE,valve_callout,base_mounted_valve,"3 POS PC, RUBBER SEAL",5,0,,,,0,2,False
AF,valve_callout,base_mounted_valve,"4 POS NC/NC, RUBBER SEAL",A,0,,,,0,2,False
AG,valve_callout,base_mounted_valve,"4 POS NO/NO, RUBBER SEAL",B,0,,,,0,2,False
AH,valve_callout,base_mounted_valve,"4 POS NC/NO, RUBBER SEAL",C,0,,,,0,2,False
AI,valve_callout,base_mounted_valve,"2 POS SGL, RUBBER SEAL, EXTERNAL PILOT",1,0,R,,,0,1,False
AJ,valve_callout,base_mounted_valve,"2 POS DBL, RUBBER SEAL, EXTERNAL PILOT",2,0,R,,,0,2,False
AK,valve_callout,base_mounted_valve,"3 POS CC, RUBBER SEAL, EXTERNAL PILOT",3,0,R,,,0,2,False
AL,valve_callout,base_mounted_valve,"3 POS EC, RUBBER SEAL, EXTERNAL PILOT",4,0,R,,,0,2,False
AM,valve_callout,base_mounted_valve,"3 POS PC, RUBBER SEAL, EXTERNAL PILOT",5,0,R,,,0,2,False
AN,valve_callout,base_mounted_valve,"4 POS NC/NC, RUBBER SEAL, EXTERNAL PILOT",A,0,R,,,0,2,False
AO,valve_callout,base_mounted_valve,"4 POS NO/NO, RUBBER SEAL, EXTERNAL PILOT",B,0,R,,,0,2,False
AP,valve_callout,base_mounted_valve,"4 POS NC/NO, RUBBER SEAL EXTERNAL PILOT",C,0,R,,,0,2,False
AQ,valve_callout,base_mounted_valve,"2 POS SGL, RUBBER SEAL, BACK PRESSURE CHECK",1,0,,H,,0,1,False
AR,valve_callout,base_mounted_valve,"2 POS DBL, RUBBER SEAL, BACK PRESSURE CHECK",2,0,,H,,0,2,False
AS,valve_callout,base_mounted_valve,"4 POS NC/NC, RUBBER SEAL, BACK PRESSURE CHECK",A,0,,H,,0,2,False
AT,valve_callout,base_mounted_valve,"4 POS NO/NO, RUBBER SEAL, BACK PRESSURE CHECK",B,0,,H,,0,2,False
AU,valve_callout,base_mounted_valve,"4 POS NC/NO, RUBBER SEAL, BACK PRESSURE CHECK",C,0,,H,,0,2,False
AV,valve_callout,base_mounted_valve,"2 POS SGL, RUBBER SEAL QUICK RESPONSE",1,0,,,B,0,1,False
AW,valve_callout,base_mounted_valve,"2 POS DBL, RUBBER SEAL QUICK RESPONSE",2,0,,,B,0,2,False
BA,valve_callout,base_mounted_valve,"3 POS CC, RUBBER SEAL, QUICK RESPONSE",3,0,,,B,0,2,False
BB,valve_callout,base_mounted_valve,"3 POS EC, RUBBER SEAL, QUICK RESPONSE",4,0,,,B,0,2,False
BC,valve_callout,base_mounted_valve,"3 POS PC, RUBBER SEAL, QUICK RESPONSE",5,0,,,B,0,2,False
BD,valve_callout,base_mounted_valve,"4 POS NC/NC, RUBBER SEAL, QUICK RESPONSE",A,0,,,B,0,2,False
BE,valve_callout,base_mounted_valve,"4 POS NO/NO, RUBBER SEAL, QUICK RESPONSE",B,0,,,B,0,2,False
BF,valve_callout,base_mounted_valve,"4 POS NC/NO, RUBBER SEAL QUICK, RESPONSE",C,0,,,,0,2,False
BG,valve_callout,base_mounted_valve,"2 POS SGL, RUBBER SEAL, EXTERNAL PILOT, QUICK RESPONSE",1,0,R,,B,0,1,False
BH,valve_callout,base_mounted_valve,"2 POS DBL, RUBBER SEAL, EXTERNAL PILOT QUICK RESPONSE",2,0,R,,B,0,2,False
BI,valve_callout,base_mounted_valve,"3 POS CC, RUBBER SEAL, EXTERNAL PILOT, QUICK RESPONSE",3,0,R,,B,0,2,False
BJ,valve_callout,base_mounted_valve,"3 POS EC, RUBBER SEAL, EXTERNAL PILOT, QUICK RESPONSE",4,0,R,,B,0,2,False
BK,valve_callout,base_mounted_valve,"3 POS PC, RUBBER SEAL, EXTERNAL PILOT, QUICK RESPONSE",5,0,R,,B,0,2,False
BL,valve_callout,base_mounted_valve,"4 POS NC/NC, RUBBER SEAL, EXTERNAL PILOT, QUICK RESPONSE",A,0,R,,B,0,2,False
BM,valve_callout,base_mounted_valve,"4 POS NO/NO, RUBBER SEAL, EXTERNAL PILOT, QUICK RESPONSE",B,0,R,,B,0,2,False
BN,valve_callout,base_mounted_valve,"4 POS NC/NO, RUBBER SEAL, EXTERNAL PILOT, QUICK RESPONSE",C,0,R,,B,0,2,False
BO,valve_callout,base_mounted_valve,"2 POS SGL, RUBBER SEAL, EXTERNAL PILOT, BACK PRESSURE CHECK, QUICK RESPONSE",1,0,R,H,B,0,1,False
BP,valve_callout,base_mounted_valve,"2 POS DBL, RUBBER SEAL, EXTERNAL PILOT, BACK PRESSURE CHECK, QUICK RESPONSE",5,0,R,H,B,0,2,False
BQ,valve_callout,base_mounted_valve,"4 POS NC/NC, RUBBER SEAL, EXTERNAL PILOT, BACK PRESSURE CHECK, QUICK RESPONSE",A,0,R,H,B,0,2,False
BR,valve_callout,base_mounted_valve,"4 POS NO/NO, RUBBER SEAL, EXTERNAL PILOT, BACK PRESSURE CHECK, QUICK RESPONSE",B,0,R,H,B,0,2,False
BS,valve_callout,base_mounted_valve,"4 POS NC/NO, RUBBER SEAL, EXTERNAL PILOT, BACK PRESSURE CHECK, QUICK RESPONSE",C,0,R,H,B,0,2,False
BT,valve_callout,base_mounted_valve,"2 POS SGL, METAL SEAL",1,1,,,B,0,1,False
BU,valve_callout,base_mounted_valve,"2 POS DBL, METAL SEAL",2,1,,,,0,2,False
BV,valve_callout,base_mounted_valve,"3 POS CC, METAL SEAL",3,1,,,,0,2,False
BW,valve_callout,base_mounted_valve,"3 POS EC, METAL SEAL",4,1,,,,0,2,False
CA,valve_callout,base_mounted_valve,"3 POS PC, METAL SEAL",5,1,,,,0,2,False
CB,valve_callout,base_mounted_valve,"2 POS SGL, METAL SEAL, EXTERNAL PILOT",1,1,R,,,0,1,False
CC,valve_callout,base_mounted_valve,"2 POS DBL, METAL SEAL, EXTERNAL PILOT",2,1,R,,,0,2,False
CD,valve_callout,base_mounted_valve,"3 POS CC, METAL SEAL, EXTERNAL PILOT",3,1,R,,,0,2,False
CE,valve_callout,base_mounted_valve,"3 POS EC, METAL SEAL, EXTERNAL PILOT",4,1,R,,,0,2,False
CF,valve_callout,base_mounted_valve,"3 POS PC, METAL SEAL, EXTERNAL PILOT",5,1,R,,,0,2,False
CG,valve_callout,base_mounted_valve,"2 POS SGL, METAL SEAL, HIGH PRESSURE",1,1,,,K,0,1,False
CH,valve_callout,base_mounted_valve,"2 POS DBL, METAL SEAL, HIGH PRESSURE",2,1,,,K,0,2,False
CI,valve_callout,base_mounted_valve,"3 POS CC, METAL SEAL, HIGH PRESSURE",3,1,,,K,0,2,False
CJ,valve_callout,base_mounted_valve,"3 POS EC, METAL SEAL, HIGH PRESSURE",4,1,,,K,0,2,False
CK,valve_callout,base_mounted_valve,"3 POS PC, METAL SEAL, HIGH PRESSURE",5,1,,,K,0,2,False
CL,valve_callout,base_mounted_valve,"2 POS SGL, METAL SEAL, QUICK RESPONSE",1,1,,,B,0,1,False
CM,valve_callout,base_mounted_valve,"2 POS DBL, METAL SEAL, QUICK RESPONSE",2,1,,,B,0,2,False
CN,valve_callout,base_mounted_valve,"3 POS CC, METAL SEAL, QUICK RESPONSE",3,1,,,B,0,2,False
CP,valve_callout,base_mounted_valve,"3 POS EC, METAL SEAL, QUICK RESPONSE",4,1,,,B,0,2,False
CQ,valve_callout,base_mounted_valve,"3 POS PC, METAL SEAL, QUICK RESPONSE",5,1,,,B,0,2,False
CR,valve_callout,base_mounted_valve,"2 POS SGL, METAL SEAL, EXTERNAL PILOT, HIGH PRESSURE",1,1,R,,K,0,1,False
CS,valve_callout,base_mounted_valve,"2 POS DBL, METAL SEAL, EXTERNAL PILOT, HIGH PRESSURE",2,1,R,,K,0,2,False
CT,valve_callout,base_mounted_valve,"3 POS CC, METAL SEAL, EXTERNAL PILOT, HIGH PRESSURE",3,1,R,,K,0,2,False
CU,valve_callout,base_mounted_valve,"3 POS EC, METAL SEAL, EXTERNAL PILOT, HIGH PRESSURE",4,1,R,,K,0,2,False
CV,valve_callout,base_mounted_valve,"3 POS PC, METAL SEAL, EXTERNAL PILOT, HIGH PRESSURE",5,1,R,,K,0,2,False
CW,valve_callout,base_mounted_valve,"2 POS SGL, METAL SEAL, EXTERNAL PILOT, QUICK RESPONSE",1,1,R,,,0,1,False
DA,valve_callout,base_mounted_valve,"2 POS DBL, METAL SEAL, EXTERNAL PILOT, QUICK RESPONSE",2,1,R,,B,0,2,False
DB,valve_callout,base_mounted_valve,"3 POS CC, METAL SEAL, EXTERNAL PILOT, QUICK RESPONSE",3,1,R,,B,0,2,False
DC,valve_callout,base_mounted_valve,"3 POS EC, METAL SEAL, EXTERNAL PILOT, QUICK RESPONSE",4,1,R,,B,0,2,False
DD,valve_callout,base_mounted_valve,"3 POS PC, METAL SEAL, EXTERNAL PILOT, QUICK RESPONSE",5,1,R,,B,0,2,False
DE,valve_callout,base_mounted_valve,"2 POS SGL, RUBBER SEAL, -1 FITTING SIZE",1,0,,,,1,1,False
DF,valve_callout,base_mounted_valve,"2 POS DBL, RUBBER SEAL, -1 FITTING SIZE",2,0,,,,1,2,False
DG,valve_callout,base_mounted_valve,"3 POS CC, RUBBER SEAL, -1 FITTING SIZE",3,0,,,,1,2,False
DH,valve_callout,base_mounted_valve,"3 POS EC, RUBBER SEAL, -1 FITTING SIZE",4,0,,,,1,2,False
DI,valve_callout,base_mounted_valve,"3 POS PC, RUBBER SEAL, -1 FITTING SIZE",5,0,,,,1,2,False
DJ,valve_callout,base_mounted_valve,"4 POS NC/NC, RUBBER SEAL, -1 FITTING SIZE",A,0,,,,1,2,False
DK,valve_callout,base_mounted_valve,"4 POS NO/NO, RUBBER SEAL, -1 FITTING SIZE",B,0,,,,1,2,False
DL,valve_callout,base_mounted_valve,"4 POS NC/NO, RUBBER SEAL, -1 FITTING SIZE",C,0,,,,1,2,False
DM,valve_callout,base_mounted_valve,"2 POS SGL, RUBBER SEAL, EXTERNAL PILOT, -1 FITTING SIZE",1,0,R,,,1,1,False
DN,valve_callout,base_mounted_valve,"2 POS DBL, RUBBER SEAL, EXTERNAL PILOT, -1 FITTING SIZE",2,0,R,,,1,2,False
DP,valve_callout,base_mounted_valve,"3 POS CC, RUBBER SEAL, EXTERNAL PILOT, -1 FITTING SIZE",3,0,R,,,1,2,False
DQ,valve_callout,base_mounted_valve,"3 POS EC, RUBBER SEAL, EXTERNAL PILOT, -1 FITTING SIZE",4,0,R,,,1,2,False
DR,valve_callout,base_mounted_valve,"3 POS PC, RUBBER SEAL, EXTERNAL PILOT, -1 FITTING SIZE",5,0,R,,,1,2,False
DS,valve_callout,base_mounted_valve,"4 POS NC/NC, RUBBER SEAL, EXTERNAL PILOT, -1 FITTING SIZE",A,0,R,,,1,2,False
DT,valve_callout,base_mounted_valve,"4 POS NO/NO, RUBBER SEAL, EXTERNAL PILOT, -1 FITTING SIZE",B,0,R,,,1,2,False
DU,valve_callout,base_mounted_valve,"4 POS NC/NO, RUBBER SEAL, EXTERNAL PILOT, -1 FITTING SIZE",C,0,R,,,1,2,False
DV,valve_callout,base_mounted_valve,"2 POS SGL, RUBBER SEAL, BACK PRESSURE CHECK, -1 FITTING SIZE",1,0,,H,,1,1,False
DW,valve_callout,base_mounted_valve,"2 POS DBL, RUBBER SEAL, BACK PRESSURE CHECK, -1 FITTING SIZE",2,0,,H,,1,2,False
EA,valve_callout,base_mounted_valve,"4 POS NC/NC, RUBBER SEAL, BACK PRESSURE CHECK, -1 FITTING SIZE",A,0,,H,,1,2,False
EB,valve_callout,base_mounted_valve,"4 POS NO/NO, RUBBER SEAL, BACK PRESSURE CHECK, -1 FITTING SIZE",B,0,,H,,1,2,False
EC,valve_callout,base_mounted_valve,"4 POS NC/NO, RUBBER SEAL, BACK PRESSURE CHECK, -1 FITTING SIZE",C,0,,H,,1,2,False
ED,valve_callout,base_mounted_valve,"2 POS SGL, RUBBER SEAL, QUICK RESPONSE, -1 FITTING SIZE",1,0,,,B,1,1,False
EE,valve_callout,base_mounted_valve,"2 POS DBL, RUBBER SEAL, QUICK RESPONSE, -1 FITTING SIZE",2,0,,,B,1,2,False
EF,valve_callout,base_mounted_valve,"3 POS CC, RUBBER SEAL, QUICK RESPONSE, -1 FITTING SIZE",3,0,,,B,1,2,False
EG,valve_callout,base_mounted_valve,"3 POS EC, RUBBER SEAL, QUICK RESPONSE, -1 FITTING SIZE",4,0,,,B,1,2,False
EH,valve_callout,base_mounted_valve,"3 POS PC, RUBBER SEAL, QUICK RESPONSE, -1 FITTING SIZE",5,0,,,B,1,2,False
EI,valve_callout,base_mounted_valve,"4 POS NC/NC, RUBBER SEAL, QUICK RESPONSE, -1 FITTING SIZE",A,0,,,B,1,2,False
EJ,valve_callout,base_mounted_valve,"4 POS NO/NO, RUBBER SEAL, QUICK RESPONSE, -1 FITTING SIZE",B,0,,,B,1,2,False
EK,valve_callout,base_mounted_valve,"4 POS NC/NO, RUBBER SEAL, QUICK RESPONSE, -1 FITTING SIZE",C,0,,,B,1,2,False
EL,valve_callout,base_mounted_valve,"2 POS SGL, RUBBER SEAL, EXTERNAL PILOT, QUICK RESPONSE, -1 FITTING SIZE",1,0,R,,B,1,1,False
EM,valve_callout,base_mounted_valve,"2 POS DBL, RUBBER SEAL, EXTERNAL PILOT, QUICK RESPONSE, -1 FITTING SIZE",2,0,R,,B,1,2,False
EN,valve_callout,base_mounted_valve,"3 POS CC, RUBBER SEAL, EXTERNAL PILOT, QUICK RESPONSE, -1 FITTING SIZE",3,0,R,,B,1,2,False
EP,valve_callout,base_mounted_valve,"3 POS EC, RUBBER SEAL, EXTERNAL PILOT, QUICK RESPONSE, -1 FITTING SIZE",4,0,R,,B,1,2,False
EQ,valve_callout,base_mounted_valve,"3 POS PC, RUBBER SEAL, EXTERNAL PILOT, QUICK RESPONSE, -1 FITTING SIZE",5,0,R,,B,1,2,False
ER,valve_callout,base_mounted_valve,"4 POS NC/NC, RUBBER SEAL, EXTERNAL PILOT, QUICK RESPONSE, -1 FITTING SIZE",A,0,R,,B,1,2,False
ES,valve_callout,base_mounted_valve,"4 POS NO/NO, RUBBER SEAL, EXTERNAL PILOT, QUICK RESPONSE, -1 FITTING SIZE",B,0,R,,B,1,2,False
ET,valve_callout,base_mounted_valve,"4 POS NC/NO, RUBBER SEAL, EXTERNAL PILOT, QUICK RESPONSE, -1 FITTING SIZE",C,0,R,,B,1,2,False
EU,valve_callout,base_mounted_valve,"2 POS SGL, RUBBER SEAL, EXTERNAL PILOT, BACK PRESSURE CHECK, QUICK RESPONSE, -1 FITTING SIZE",1,0,R,H,B,1,1,False
EV,valve_callout,base_mounted_valve,"2 POS DBL, RUBBER SEAL, EXTERNAL PILOT, BACK PRESSURE CHECK, QUICK RESPONSE, -1 FITTING SIZE",2,0,R,H,B,1,2,False
EW,valve_callout,base_mounted_valve,"4 POS NC/NC, RUBBER SEAL, EXTERNAL PILOT, BACK PRESSURE CHECK, QUICK RESPONSE, -1 FITTING SIZE",A,0,R,H,B,1,2,False
FA,valve_callout,base_mounted_valve,"4 POS NO/NO, RUBBER SEAL, EXTERNAL PILOT, BACK PRESSURE CHECK, QUICK RESPONSE, -1 FITTING SIZE",B,0,R,H,B,1,2,False
FB,valve_callout,base_mounted_valve,"4 POS NC/NO, RUBBER SEAL, EXTERNAL PILOT, BACK PRESSURE CHECK, QUICK RESPONSE, -1 FITTING SIZE",C,0,R,H,B,1,2,False
FC,valve_callout,base_mounted_valve,"2 POS SGL, METAL SEAL, -1 FITTING SIZE",1,1,,,,1,1,False
FD,valve_callout,base_mounted_valve,"2 POS DBL, METAL SEAL, -1 FITTING SIZE",2,1,,,,1,2,False
FE,valve_callout,base_mounted_valve,"3 POS CC, METAL SEAL, -1 FITTING SIZE",3,1,,,,1,2,False
FF,valve_callout,base_mounted_valve,"3 POS EC, METAL SEAL, -1 FITTING SIZE",4,1,,,,1,2,False
FG,valve_callout,base_mounted_valve,"3 POS PC, METAL SEAL, -1 FITTING SIZE",5,1,,,,1,2,False
FH,valve_callout,base_mounted_valve,"2 POS SGL, METAL SEAL, EXTERNAL PILOT, -1 FITTING SIZE",1,1,R,,,1,1,False
FI,valve_callout,base_mounted_valve,"2 POS DBL, METAL SEAL, EXTERNAL PILOT, -1 FITTING SIZE",2,1,R,,,1,2,False
FJ,valve_callout,base_mounted_valve,"3 POS CC, METAL SEAL, EXTERNAL PILOT, -1 FITTING SIZE",3,1,R,,,1,2,False
FK,valve_callout,base_mounted_valve,"3 POS EC, METAL SEAL, EXTERNAL PILOT, -1 FITTING SIZE",4,1,R,,,1,2,False
FL,valve_callout,base_mounted_valve,"3 POS PC, METAL SEAL, EXTERNAL PILOT, -1 FITTING SIZE",5,1,R,,,1,2,False
FM,valve_callout,base_mounted_valve,"2 POS SGL, METAL SEAL, HIGH PRESSURE, -1 FITTING SIZE",1,1,,,K,1,1,False
FN,valve_callout,base_mounted_valve,"2 POS DBL, METAL SEAL, HIGH PRESSURE, -1 FITTING SIZE",2,1,,,K,1,2,False
FP,valve_callout,base_mounted_valve,"3 POS CC, METAL SEAL, HIGH PRESSURE, -1 FITTING SIZE",3,1,,,K,1,2,False
FQ,valve_callout,base_mounted_valve,"3 POS EC, METAL SEAL, HIGH PRESSURE, -1 FITTING SIZE",4,1,,,K,1,2,False
FR,valve_callout,base_mounted_valve,"3 POS PC, METAL SEAL, HIGH PRESSURE, -1 FITTING SIZE",5,1,,,K,1,2,False
FS,valve_callout,base_mounted_valve,"2 POS SGL, METAL SEAL, QUICK RESPONSE, -1 FITTING SIZE",1,1,,,B,1,1,False
FT,valve_callout,base_mounted_valve,"2 POS DBL, METAL SEAL, QUICK RESPONSE, -1 FITTING SIZE",2,1,,,B,1,2,False
FU,valve_callout,base_mounted_valve,"3 POS CC, METAL SEAL, QUICK RESPONSE, -1 FITTING SIZE",3,1,,,B,1,2,False
FV,valve_callout,base_mounted_valve,"3 POS EC, METAL SEAL, QUICK RESPONSE, -1 FITTING SIZE",4,1,,,B,1,2,False
FW,valve_callout,base_mounted_valve,"3 POS PC, METAL SEAL, QUICK RESPONSE, -1 FITTING SIZE",5,1,,,B,1,2,False
GA,valve_callout,base_mounted_valve,"2 POS SGL, METAL SEAL, EXTERNAL PILOT, HIGH PRESSURE, -1 FITTING SIZE",1,1,R,,K,1,1,False
GB,valve_callout,base_mounted_valve,"2 POS DBL, METAL SEAL, EXTERNAL PILOT, HIGH PRESSURE, -1 FITTING SIZE",2,1,R,,K,1,2,False
GC,valve_callout,base_mounted_valve,"3 POS CC, METAL SEAL, EXTERNAL PILOT, HIGH PRESSURE, -1 FITTING SIZE",3,1,R,,K,1,2,False
GD,valve_callout,base_mounted_valve,"3 POS EC, METAL SEAL, EXTERNAL PILOT, HIGH PRESSURE, -1 FITTING SIZE",4,1,R,,K,1,2,False
GE,valve_callout,base_mounted_valve,"3 POS PC, METAL SEAL, EXTERNAL PILOT, HIGH PRESSURE, -1 FITTING SIZE",5,1,R,,K,1,2,False
GF,valve_callout,base_mounted_valve,"2 POS SGL, METAL SEAL, EXTERNAL PILOT, QUICK RESPONSE, -1 FITTING SIZE",1,1,R,,B,1,1,False
GG,valve_callout,base_mounted_valve,"2 POS DBL, METAL SEAL, EXTERNAL PILOT, QUICK RESPONSE, -1 FITTING SIZE",2,1,R,,B,1,2,False
GH,valve_callout,base_mounted_valve,"3 POS CC, METAL SEAL, EXTERNAL PILOT, QUICK RESPONSE, -1 FITTING SIZE",3,1,R,,B,1,2,False
GI,valve_callout,base_mounted_valve,"3 POS EC, METAL SEAL, EXTERNAL PILOT, QUICK RESPONSE, -1 FITTING SIZE",4,1,R,,B,1,2,False
GJ,valve_callout,base_mounted_valve,"3 POS PC, METAL SEAL, EXTERNAL PILOT, QUICK RESPONSE, -1 FITTING SIZE",5,1,R,,B,1,2,False
GK,valve_callout,base_mounted_valve,"2 POS SGL, RUBBER SEAL, -2 FITTING SIZE",1,0,R,,,2,1,False
GL,valve_callout,base_mounted_valve,"2 POS DBL, RUBBER SEAL, -2 FITTING SIZE",2,0,R,,,2,2,False
GM,valve_callout,base_mounted_valve,"3 POS CC, RUBBER SEAL, -2 FITTING SIZE",3,0,R,,,2,2,False
GN,valve_callout,base_mounted_valve,"3 POS EC, RUBBER SEAL, -2 FITTING SIZE",4,0,R,,,2,2,False
GP,valve_callout,base_mounted_valve,"3 POS PC, RUBBER SEAL, -2 FITTING SIZE",5,0,R,,,2,2,False
GQ,valve_callout,base_mounted_valve,"4 POS NC/NC, RUBBER SEAL, -2 FITTING SIZE",A,0,R,,,2,2,False
GR,valve_callout,base_mounted_valve,"4 POS NO/NO, RUBBER SEAL, -2 FITTING SIZE",B,0,R,,,2,2,False
GS,valve_callout,base_mounted_valve,"4 POS NC/NO, RUBBER SEAL, -2 FITTING SIZE",C,0,R,,,2,2,False
GT,valve_callout,base_mounted_valve,"2 POS SGL, RUBBER SEAL, EXTERNAL PILOT, -2 FITTING SIZE",1,0,R,,,2,1,False
GU,valve_callout,base_mounted_valve,"2 POS DBL, RUBBER SEAL, EXTERNAL PILOT, -2 FITTING SIZE",2,0,R,,,2,2,False
GV,valve_callout,base_mounted_valve,"3 POS CC, RUBBER SEAL, EXTERNAL PILOT, -2 FITTING SIZE",3,0,R,,,2,2,False
GW,valve_callout,base_mounted_valve,"3 POS EC, RUBBER SEAL, EXTERNAL PILOT, -2 FITTING SIZE",4,0,R,,,2,2,False
HA,valve_callout,base_mounted_valve,"3 POS PC, RUBBER SEAL, EXTERNAL PILOT, -2 FITTING SIZE",5,0,R,,,2,2,False
HB,valve_callout,base_mounted_valve,"4 POS NC/NC, RUBBER SEAL, EXTERNAL PILOT, -2 FITTING SIZE",A,0,R,,,2,2,False
HC,valve_callout,base_mounted_valve,"4 POS NO/NO, RUBBER SEAL, EXTERNAL PILOT, -2 FITTING SIZE",B,0,R,,,2,2,False
HD,valve_callout,base_mounted_valve,"4 POS NC/NO, RUBBER SEAL, EXTERNAL PILOT, -2 FITTING SIZE",C,0,R,,,2,2,False
HE,valve_callout,base_mounted_valve,"2 POS SGL, RUBBER SEAL, BACK PRESSURE CHECK, -2 FITTING SIZE",1,0,,H,,2,1,False
HF,valve_callout,base_mounted_valve,"2 POS DBL, RUBBER SEAL, BACK PRESSURE CHECK, -2 FITTING SIZE",2,0,,H,,2,2,False
HG,valve_callout,base_mounted_valve,"4 POS NC/NC, RUBBER SEAL, BACK PRESSURE CHECK, -2 FITTING SIZE",A,0,,H,,2,2,False
HH,valve_callout,base_mounted_valve,"4 POS NO/NO, RUBBER SEAL, BACK PRESSURE CHECK, -2 FITTING SIZE",B,0,,H,,2,2,False
HI,valve_callout,base_mounted_valve,"4 POS NC/NO, RUBBER SEAL, BACK PRESSURE CHECK, -2 FITTING SIZE",C,0,,H,,2,2,False
HJ,valve_callout,base_mounted_valve,"2 POS SGL, RUBBER SEAL, QUICK RESPONSE, -2 FITTING SIZE",1,0,,,B,2,1,False
HK,valve_callout,base_mounted_valve,"2 POS DBL, RUBBER SEAL, QUICK RESPONSE, -2 FITTING SIZE",2,0,,,B,2,2,False
HL,valve_callout,base_mounted_valve,"3 POS CC, RUBBER SEAL, QUICK RESPONSE, -2 FITTING SIZE",3,0,,,B,2,2,False
HM,valve_callout,base_mounted_valve,"3 POS EC, RUBBER SEAL, QUICK RESPONSE, -2 FITTING SIZE",4,0,,,B,2,2,False
HN,valve_callout,base_mounted_valve,"3 POS PC, RUBBER SEAL, QUICK RESPONSE, -2 FITTING SIZE",5,0,,,B,2,2,False
HP,valve_callout,base_mounted_valve,"4 POS NC/NC, RUBBER SEAL, QUICK RESPONSE, -2 FITTING SIZE",A,0,,,B,2,2,False
HQ,valve_callout,base_mounted_valve,"4 POS NO/NO, RUBBER SEAL, QUICK RESPONSE, -2 FITTING SIZE",B,0,,,B,2,2,False
HR,valve_callout,base_mounted_valve,"4 POS NC/NO, RUBBER SEAL, QUICK RESPONSE, -2 FITTING SIZE",C,0,,,B,2,2,False
HS,valve_callout,base_mounted_valve,"2 POS SGL, RUBBER SEAL, EXTERNAL PILOT, QUICK RESPONSE, -2 FITTING SIZE",1,0,R,,B,2,1,False
HT,valve_callout,base_mounted_valve,"2 POS DBL, RUBBER SEAL, EXTERNAL PILOT, QUICK RESPONSE, -2 FITTING SIZE",2,0,R,,B,2,2,False
HU,valve_callout,base_mounted_valve,"3 POS CC, RUBBER SEAL, EXTERNAL PILOT, QUICK RESPONSE, -2 FITTING SIZE",3,0,R,,B,2,2,False
HV,valve_callout,base_mounted_valve,"3 POS EC, RUBBER SEAL, EXTERNAL PILOT, QUICK RESPONSE, -2 FITTING SIZE",4,0,R,,B,2,2,False
HW,valve_callout,base_mounted_valve,"3 POS PC, RUBBER SEAL, EXTERNAL PILOT, QUICK RESPONSE, -2 FITTING SIZE",5,0,R,,B,2,2,False
IA,valve_callout,base_mounted_valve,"4 POS NC/NC, RUBBER SEAL, EXTERNAL PILOT, QUICK RESPONSE, -2 FITTING SIZE",A,0,R,,B,2,2,False
IB,valve_callout,base_mounted_valve,"4 POS NO/NO, RUBBER SEAL, EXTERNAL PILOT, QUICK RESPONSE, -2 FITTING SIZE",B,0,R,,B,2,2,False
IC,valve_callout,base_mounted_valve,"4 POS NC/NO, RUBBER SEAL, EXTERNAL PILOT, QUICK RESPONSE, -2 FITTING SIZE",C,0,R,,B,2,2,False
ID,valve_callout,base_mounted_valve,"2 POS SGL, RUBBER SEAL, EXTERNAL PILOT, BACK PRESSURE CHECK, QUICK RESPONSE, -2 FITTING SIZE",1,0,R,H,B,2,1,False
IE,valve_callout,base_mounted_valve,"2 POS DBL, RUBBER SEAL, EXTERNAL PILOT, BACK PRESSURE CHECK, QUICK RESPONSE, -2 FITTING SIZE",2,0,R,H,B,2,2,False
IF,valve_callout,base_mounted_valve,"4 POS NC/NC, RUBBER SEAL, EXTERNAL PILOT, BACK PRESSURE CHECK, QUICK RESPONSE, -2 FITTING SIZE",A,0,R,H,B,2,2,False
IG,valve_callout,base_mounted_valve,"4 POS NO/NO, RUBBER SEAL, EXTERNAL PILOT, BACK PRESSURE CHECK, QUICK RESPONSE, -2 FITTING SIZE",B,0,R,H,B,2,2,False
IH,valve_callout,base_mounted_valve,"4 POS NC/NO, RUBBER SEAL, EXTERNAL PILOT, BACK PRESSURE CHECK, QUICK RESPONSE, -2 FITTING SIZE",C,0,R,H,B,2,2,False
II,valve_callout,base_mounted_valve,"2 POS SGL, METAL SEAL, -2 FITTING SIZE",1,1,,,,2,1,False
IJ,valve_callout,base_mounted_valve,"2 POS DBL, METAL SEAL, -2 FITTING SIZE",2,1,,,,2,2,False
IK,valve_callout,base_mounted_valve,"3 POS CC, METAL SEAL, -2 FITTING SIZE",3,1,,,,2,2,False
IL,valve_callout,base_mounted_valve,"3 POS EC, METAL SEAL, -2 FITTING SIZE",4,1,,,,2,2,False
IM,valve_callout,base_mounted_valve,"3 POS PC, METAL SEAL, -2 FITTING SIZE",5,1,,,,2,2,False
IN,valve_callout,base_mounted_valve,"2 POS SGL, METAL SEAL, EXTERNAL PILOT, -2 FITTING SIZE",1,1,R,,,2,1,False
IP,valve_callout,base_mounted_valve,"2 POS DBL, METAL SEAL, EXTERNAL PILOT, -2 FITTING SIZE",2,1,R,,,2,2,False
IQ,valve_callout,base_mounted_valve,"3 POS CC, METAL SEAL, EXTERNAL PILOT, -2 FITTING SIZE",3,1,R,,,2,2,False
IR,valve_callout,base_mounted_valve,"3 POS EC, METAL SEAL, EXTERNAL PILOT, -2 FITTING SIZE",4,1,R,,,2,2,False
IS,valve_callout,base_mounted_valve,"3 POS PC, METAL SEAL, EXTERNAL PILOT, -2 FITTING SIZE",5,1,R,,,2,2,False
IT,valve_callout,base_mounted_valve,"2 POS SGL, METAL SEAL, HIGH PRESSURE, -2 FITTING SIZE",1,1,,,K,2,1,False
IU,valve_callout,base_mounted_valve,"2 POS DBL, METAL SEAL, HIGH PRESSURE, -2 FITTING SIZE",2,1,,,K,2,2,False
IV,valve_callout,base_mounted_valve,"3 POS CC, METAL SEAL, HIGH PRESSURE, -2 FITTING SIZE",4,1,,,K,2,2,False
IW,valve_callout,base_mounted_valve,"3 POS EC, METAL SEAL, HIGH PRESSURE, -2 FITTING SIZE",4,1,,,K,2,2,False
JA,valve_callout,base_mounted_valve,"3 POS PC, METAL SEAL, HIGH PRESSURE, -2 FITTING SIZE",5,1,,,K,2,2,False
JB,valve_callout,base_mounted_valve,"2 POS SGL, METAL SEAL, QUICK RESPONSE, -2 FITTING SIZE",1,1,,,B,2,1,False
JC,valve_callout,base_mounted_valve,"2 POS DBL, METAL SEAL, QUICK RESPONSE, -2 FITTING SIZE",2,1,,,B,2,2,False
JD,valve_callout,base_mounted_valve,"3 POS CC, METAL SEAL, QUICK RESPONSE, -2 FITTING SIZE",3,1,,,B,2,2,False
JE,valve_callout,base_mounted_valve,"3 POS EC, METAL SEAL, QUICK RESPONSE, -2 FITTING SIZE",4,1,,,B,2,2,False
JF,valve_callout,base_mounted_valve,"3 POS PC, METAL SEAL, QUICK RESPONSE, -2 FITTING SIZE",5,1,,,B,2,2,False
JG,valve_callout,base_mounted_valve,"2 POS SGL, METAL SEAL, EXTERNAL PILOT, HIGH PRESSURE, -2 FITTING SIZE",1,1,R,,K,2,1,False
JH,valve_callout,base_mounted_valve,"2 POS DBL, METAL SEAL, EXTERNAL PILOT, HIGH PRESSURE, -2 FITTING SIZE",2,1,R,,K,2,2,False
JI,valve_callout,base_mounted_valve,"3 POS CC, METAL SEAL, EXTERNAL PILOT, HIGH PRESSURE, -2 FITTING SIZE",3,1,R,,K,2,2,False
JJ,valve_callout,base_mounted_valve,"3 POS EC, METAL SEAL, EXTERNAL PILOT, HIGH PRESSURE, -2 FITTING SIZE",4,1,R,,K,2,2,False
JK,valve_callout,base_mounted_valve,"3 POS PC, METAL SEAL, EXTERNAL PILOT, HIGH PRESSURE, -2 FITTING SIZE",5,1,R,,K,2,2,False
JL,valve_callout,base_mounted_valve,"2 POS SGL, METAL SEAL, EXTERNAL PILOT, QUICK RESPONSE, -2 FITTING SIZE",1,1,R,,B,2,1,False
JM,valve_callout,base_mounted_valve,"2 POS DBL, METAL SEAL, EXTERNAL PILOT, QUICK RESPONSE, -2 FITTING SIZE",2,1,R,,B,2,2,False
JN,valve_callout,base_mounted_valve,"3 POS CC, METAL SEAL, EXTERNAL PILOT, QUICK RESPONSE, -2 FITTING SIZE",3,1,R,,B,2,2,False
JP,valve_callout,base_mounted_valve,"3 POS EC, METAL SEAL, EXTERNAL PILOT, QUICK RESPONSE, -2 FITTING SIZE",4,1,R,,B,2,2,False
JQ,valve_callout,base_mounted_valve,"3 POS PC, METAL SEAL, EXTERNAL PILOT, QUICK RESPONSE, -2 FITTING SIZE",5,1,R,,B,2,2,False
JR,valve_callout,base_mounted_valve,"2 POS SGL, RUBBER SEAL, -3 FITTING SIZE",1,0,,,,3,1,False
JS,valve_callout,base_mounted_valve,"2 POS DBL, RUBBER SEAL, -3 FITTING SIZE",2,0,,,,3,2,False
JT,valve_callout,base_mounted_valve,"3 POS CC, RUBBER SEAL, -3 FITTING SIZE",3,0,,,,3,2,False
JU,valve_callout,base_mounted_valve,"3 POS EC, RUBBER SEAL, -3 FITTING SIZE",4,0,,,,3,2,False
JV,valve_callout,base_mounted_valve,"3 POS PC, RUBBER SEAL, -3 FITTING SIZE",5,0,,,,3,2,False
JW,valve_callout,base_mounted_valve,"4 POS NC/NC, RUBBER SEAL, -3 FITTING SIZE",A,0,,,,3,2,False
KA,valve_callout,base_mounted_valve,"4 POS NO/NO, RUBBER SEAL, -3 FITTING SIZE",B,0,,,,3,2,False
KB,valve_callout,base_mounted_valve,"4 POS NC/NO, RUBBER SEAL, -3 FITTING SIZE",C,0,,,,3,2,False
KC,valve_callout,base_mounted_valve,"2 POS SGL, RUBBER SEAL, EXTERNAL PILOT, -3 FITTING SIZE",1,0,R,,,3,1,False
KD,valve_callout,base_mounted_valve,"2 POS DBL, RUBBER SEAL, EXTERNAL PILOT, -3 FITTING SIZE",2,0,R,,,3,2,False
KE,valve_callout,base_mounted_valve,"3 POS CC, RUBBER SEAL, EXTERNAL PILOT, -3 FITTING SIZE",3,0,R,,,3,2,False
KF,valve_callout,base_mounted_valve,"3 POS EC, RUBBER SEAL, EXTERNAL PILOT, -3 FITTING SIZE",4,0,R,,,3,2,False
KG,valve_callout,base_mounted_valve,"3 POS PC, RUBBER SEAL, EXTERNAL PILOT, -3 FITTING SIZE",5,0,R,,,3,2,False
KH,valve_callout,base_mounted_valve,"4 POS NC/NC, RUBBER SEAL, EXTERNAL PILOT, -3 FITTING SIZE",A,0,R,,,3,2,False
KI,valve_callout,base_mounted_valve,"4 POS NO/NO, RUBBER SEAL, EXTERNAL PILOT, -3 FITTING SIZE",B,0,R,,,3,2,False
KJ,valve_callout,base_mounted_valve,"4 POS NC/NO, RUBBER SEAL, EXTERNAL PILOT, -3 FITTING SIZE",C,0,R,,,3,2,False
KK,valve_callout,base_mounted_valve,"2 POS SGL, RUBBER SEAL, BACK PRESSURE CHECK, -3 FITTING SIZE",1,0,,H,,3,1,False
KL,valve_callout,base_mounted_valve,"2 POS DBL, RUBBER SEAL, BACK PRESSURE CHECK, -3 FITTING SIZE",2,0,,H,,3,2,False
KM,valve_callout,base_mounted_valve,"4 POS NC/NC, RUBBER SEAL, BACK PRESSURE CHECK, -3 FITTING SIZE",A,0,,H,,3,2,False
KN,valve_callout,base_mounted_valve,"4 POS NO/NO, RUBBER SEAL, BACK PRESSURE CHECK, -3 FITTING SIZE",B,0,,H,,3,2,False
KP,valve_callout,base_mounted_valve,"4 POS NC/NO, RUBBER SEAL, BACK PRESSURE CHECK, -3 FITTING SIZE",C,0,,H,,3,2,False
KQ,valve_callout,base_mounted_valve,"2 POS SGL, RUBBER SEAL, QUICK RESPONSE, -3 FITTING SIZE",1,0,,,B,3,1,False
KR,valve_callout,base_mounted_valve,"2 POS DBL, RUBBER SEAL, QUICK RESPONSE, -3 FITTING SIZE",2,0,,,B,3,2,False
KS,valve_callout,base_mounted_valve,"3 POS CC, RUBBER SEAL, QUICK RESPONSE, -3 FITTING SIZE",3,0,,,B,3,2,False
KT,valve_callout,base_mounted_valve,"3 POS EC, RUBBER SEAL, QUICK RESPONSE, -3 FITTING SIZE",4,0,,,B,3,2,False
KU,valve_callout,base_mounted_valve,"3 POS PC, RUBBER SEAL, QUICK RESPONSE, -3 FITTING SIZE",5,0,,,B,3,2,False
KV,valve_callout,base_mounted_valve,"4 POS NC/NC, RUBBER SEAL, QUICK RESPONSE, -3 FITTING SIZE",A,0,,,B,3,2,False
KW,valve_callout,base_mounted_valve,"4 POS NO/NO, RUBBER SEAL, QUICK RESPONSE, -3 FITTING SIZE",B,0,,,B,3,2,False
LA,valve_callout,base_mounted_valve,"4 POS NC/NO, RUBBER SEAL, QUICK RESPONSE, -3 FITTING SIZE",C,0,,,B,3,2,False
LB,valve_callout,base_mounted_valve,"2 POS SGL, RUBBER SEAL, EXTERNAL PILOT, QUICK RESPONSE, -3 FITTING SIZE",1,0,R,,B,3,1,False
LC,valve_callout,base_mounted_valve,"2 POS DBL, RUBBER SEAL, EXTERNAL PILOT, QUICK RESPONSE, -3 FITTING SIZE",2,0,R,,B,3,2,False
LD,valve_callout,base_mounted_valve,"3 POS CC, RUBBER SEAL, EXTERNAL PILOT, QUICK RESPONSE, -3 FITTING SIZE",3,0,R,,B,3,2,False
LE,valve_callout,base_mounted_valve,"3 POS EC, RUBBER SEAL, EXTERNAL PILOT, QUICK RESPONSE, -3 FITTING SIZE",4,0,R,,B,3,2,False
LF,valve_callout,base_mounted_valve,"3 POS PC, RUBBER SEAL, EXTERNAL PILOT, QUICK RESPONSE, -3 FITTING SIZE",5,0,R,,B,3,2,False
LG,valve_callout,base_mounted_valve,"4 POS NC/NC, RUBBER SEAL, EXTERNAL PILOT, QUICK RESPONSE, -3 FITTING SIZE",A,0,R,,B,3,2,False
LH,valve_callout,base_mounted_valve,"4 POS NO/NO, RUBBER SEAL, EXTERNAL PILOT, QUICK RESPONSE, -3 FITTING SIZE",B,0,R,,B,3,2,False
LI,valve_callout,base_mounted_valve,"4 POS NC/NO, RUBBER SEAL, EXTERNAL PILOT, QUICK RESPONSE, -3 FITTING SIZE",C,0,R,,B,3,2,False
LJ,valve_callout,base_mounted_valve,"2 POS SGL, RUBBER SEAL, EXTERNAL PILOT, BACK PRESSURE CHECK, QUICK RESPONSE, -3 FITTING SIZE",1,0,R,H,B,3,1,False
LK,valve_callout,base_mounted_valve,"2 POS DBL, RUBBER SEAL, EXTERNAL PILOT, BACK PRESSURE CHECK, QUICK RESPONSE, -3 FITTING SIZE",2,0,R,H,B,3,2,False
LL,valve_callout,base_mounted_valve,"4 POS NC/NC, RUBBER SEAL, EXTERNAL PILOT, BACK PRESSURE CHECK, QUICK RESPONSE, -3 FITTING SIZE",A,0,R,H,B,3,2,False
LM,valve_callout,base_mounted_valve,"4 POS NO/NO, RUBBER SEAL, EXTERNAL PILOT, BACK PRESSURE CHECK, QUICK RESPONSE, -3 FITTING SIZE",B,0,R,H,B,3,2,False
LN,valve_callout,base_mounted_valve,"4 POS NC/NO, RUBBER SEAL, EXTERNAL PILOT, BACK PRESSURE CHECK, QUICK RESPONSE, -3 FITTING SIZE",C,0,R,H,B,3,2,False
LP,valve_callout,base_mounted_valve,"2 POS SGL, METAL SEAL, -3 FITTING SIZE",1,0,,,,3,1,False
LQ,valve_callout,base_mounted_valve,"2 POS DBL, METAL SEAL, -3 FITTING SIZE",2,1,,,,3,2,False
LR,valve_callout,base_mounted_valve,"3 POS CC, METAL SEAL, -3 FITTING SIZE",3,1,,,,3,2,False
LS,valve_callout,base_mounted_valve,"3 POS EC, METAL SEAL, -3 FITTING SIZE",4,1,,,,3,2,False
LT,valve_callout,base_mounted_valve,"3 POS PC, METAL SEAL, -3 FITTING SIZE",5,1,,,,3,2,False
LU,valve_callout,base_mounted_valve,"2 POS SGL, METAL SEAL, EXTERNAL PILOT, -3 FITTING SIZE",1,1,R,,,3,1,False
LV,valve_callout,base_mounted_valve,"2 POS DBL, METAL SEAL, EXTERNAL PILOT, -3 FITTING SIZE",2,1,R,,,3,2,False
LW,valve_callout,base_mounted_valve,"3 POS CC, METAL SEAL, EXTERNAL PILOT, -3 FITTING SIZE",3,1,R,,,3,2,False
MA,valve_callout,base_mounted_valve,"3 POS EC, METAL SEAL, EXTERNAL PILOT, -3 FITTING SIZE",4,1,R,,,3,2,False
MB,valve_callout,base_mounted_valve,"3 POS PC, METAL SEAL, EXTERNAL PILOT, -3 FITTING SIZE",5,1,R,,,3,2,False
MC,valve_callout,base_mounted_valve,"2 POS SGL, METAL SEAL, HIGH PRESSURE, -3 FITTING SIZE",1,1,,,K,3,1,False
MD,valve_callout,base_mounted_valve,"2 POS DBL, METAL SEAL, HIGH PRESSURE, -3 FITTING SIZE",2,1,,,K,3,2,False
ME,valve_callout,base_mounted_valve,"3 POS CC, METAL SEAL, HIGH PRESSURE, -3 FITTING SIZE",3,1,,,K,3,2,False
MF,valve_callout,base_mounted_valve,"3 POS EC, METAL SEAL, HIGH PRESSURE, -3 FITTING SIZE",4,1,,,K,3,2,False
MG,valve_callout,base_mounted_valve,"3 POS PC, METAL SEAL, HIGH PRESSURE, -3 FITTING SIZE",5,1,,,K,3,2,False
MH,valve_callout,base_mounted_valve,"2 POS SGL, METAL SEAL, QUICK RESPONSE, -3 FITTING SIZE",1,1,,,B,3,1,False
MI,valve_callout,base_mounted_valve,"2 POS DBL, METAL SEAL, QUICK RESPONSE, -3 FITTING SIZE",2,1,,,B,3,2,False
MJ,valve_callout,base_mounted_valve,"3 POS CC, METAL SEAL, QUICK RESPONSE, -3 FITTING SIZE",3,1,,,B,3,2,False
MK,valve_callout,base_mounted_valve,"3 POS EC, METAL SEAL, QUICK RESPONSE, -3 FITTING SIZE",4,1,,,B,3,2,False
ML,valve_callout,base_mounted_valve,"3 POS PC, METAL SEAL, QUICK RESPONSE, -3 FITTING SIZE",5,1,,,B,3,2,False
MM,valve_callout,base_mounted_valve,"2 POS SGL, METAL SEAL, EXTERNAL PILOT, HIGH PRESSURE, -3 FITTING SIZE",1,1,R,,K,3,1,False
MN,valve_callout,base_mounted_valve,"2 POS DBL, METAL SEAL, EXTERNAL PILOT, HIGH PRESSURE, -3 FITTING SIZE",2,1,R,,K,3,2,False
MP,valve_callout,base_mounted_valve,"3 POS CC, METAL SEAL, EXTERNAL PILOT, HIGH PRESSURE, -3 FITTING SIZE",3,1,R,,K,3,2,False
MQ,valve_callout,base_mounted_valve,"3 POS EC, METAL SEAL, EXTERNAL PILOT, HIGH PRESSURE, -3 FITTING SIZE",4,1,R,,K,3,2,False
MR,valve_callout,base_mounted_valve,"3 POS PC, METAL SEAL, EXTERNAL PILOT, HIGH PRESSURE, -3 FITTING SIZE",5,1,R,,K,3,2,False
MS,valve_callout,base_mounted_valve,"2 POS SGL, METAL SEAL, EXTERNAL PILOT, QUICK RESPONSE, -3 FITTING SIZE",1,1,R,,B,3,1,False
MT,valve_callout,base_mounted_valve,"2 POS DBL, METAL SEAL, EXTERNAL PILOT, QUICK RESPONSE, -3 FITTING SIZE",2,1,R,,B,3,2,False
MU,valve_callout,base_mounted_valve,"3 POS CC, METAL SEAL, EXTERNAL PILOT, QUICK RESPONSE, -3 FITTING SIZE",3,1,R,,B,3,2,False
MV,valve_callout,base_mounted_valve,"3 POS EC, METAL SEAL, EXTERNAL PILOT, QUICK RESPONSE, -3 FITTING SIZE",4,1,R,,B,3,2,False
MW,valve_callout,base_mounted_valve,"3 POS PC, METAL SEAL, EXTERNAL PILOT, QUICK RESPONSE, -3 FITTING SIZE",5,1,R,,B,3,2,False
NA,valve_callout,base_mounted_valve,"4 POS NC/NC, X350",A,0,,,,0,2,True
NB,valve_callout,base_mounted_valve,"4 POS NO/NO, X350",B,0,,,,0,2,True
NC,valve_callout,base_mounted_valve,"4 POS NC/NO, X350",C,0,,,,0,2,True
ND,valve_callout,base_mounted_valve,"4 POS NC/NC, X350, -1 FITTING SIZE",A,0,,,,1,2,True
NE,valve_callout,base_mounted_valve,"4 POS NO/NO, X350, -1 FITTING SIZE",B,0,,,,1,2,True
NF,valve_callout,base_mounted_valve,"4 POS NC/NO, X350, -1 FITTING SIZE",C,0,,,,1,2,True
NG,valve_callout,base_mounted_valve,"4 POS NC/NC, X350, -2 FITTING SIZE",A,0,,,,2,2,True
NH,valve_callout,base_mounted_valve,"4 POS NO/NO, X350, -2 FITTING SIZE",B,0,,,,2,2,True
NI,valve_callout,base_mounted_valve,"4 POS NC/NO, X350, -2 FITTING SIZE",C,0,,,,2,2,True
NJ,valve_callout,base_mounted_valve,"4 POS NC/NC, X350, -3 FITTING SIZE",A,0,,,,3,2,True
NK,valve_callout,base_mounted_valve,"4 POS NO/NO, X350, -3 FITTING SIZE",B,0,,,,3,2,True
NL,valve_callout,base_mounted_valve,"4 POS NC/NO, X350, -3 FITTING SIZE",C,0,,,,3,2,True
NM,valve_callout,base_mounted_valve,"2 POS SGL, X350",1,0,,,,0,1,True
NN,valve_callout,base_mounted_valve,"2 POS SGL, X350, -1 FITTING SIZE",1,0,,,,1,1,True
NP,valve_callout,base_mounted_valve,"2 POS SGL, X350, -2 FITTING SIZE",1,0,,,,2,1,True
NQ,valve_callout,base_mounted_valve,"2 POS SGL, X350, -3 FITTING SIZE",1,0,,,,3,1,False
NR,valve_callout,base_mounted_valve,"4 POS NC/NC, X323",A,0,,,,0,2,True
NS,valve_callout,base_mounted_valve,"4 POS NO/NO, X323",B,0,,,,0,2,True
NT,valve_callout,base_mounted_valve,"4 POS NC/NO, X323",C,0,,,,0,2,True
NU,valve_callout,base_mounted_valve,"4 POS NC/NC, X323, -1 FITTING SIZE",A,0,,,,1,2,True
NV,valve_callout,base_mounted_valve,"4 POS NO/NO, X323, -1 FITTING SIZE",B,0,,,,1,2,True
NW,valve_callout,base_mounted_valve,"4 POS NC/NO, X323, -1 FITTING SIZE",C,0,,,,1,2,True
PA,valve_callout,base_mounted_valve,"4 POS NC/NC, X323, -2 FITTING SIZE",A,0,,,,2,2,True
PB,valve_callout,base_mounted_valve,"4 POS NO/NO, X323, -2 FITTING SIZE",B,0,,,,2,2,True
PC,valve_callout,base_mounted_valve,"4 POS NC/NO, X323, -2 FITTING SIZE",C,0,,,,2,2,True
PD,valve_callout,base_mounted_valve,"4 POS NC/NC, X323, -3 FITTING SIZE",A,0,,,,3,2,True
PE,valve_callout,base_mounted_valve,"4 POS NO/NO, X323, -3 FITTING SIZE",B,0,,,,3,2,True
PF,valve_callout,base_mounted_valve,"4 POS NC/NO, X323, -3 FITTING SIZE",C,0,,,,3,2,True
PG,valve_callout,base_mounted_valve,"2 POS DBL, X25",2,0,,,,0,2,True
PH,valve_callout,base_mounted_valve,"2 POS DBL, X25, -1 FITTING SIZE",2,0,,,,1,2,True
PI,valve_callout,base_mounted_valve,"2 POS DBL, X25, -2 FITTING SIZE",2,0,,,,2,2,True
PJ,valve_callout,base_mounted_valve,"2 POS DBL, X25, -3 FITTING SIZE",2,0,,,,3,2,True
WH,valve_callout,blanking_plate_with_output,"Blanking Plate with output, No Connector, 300mm",,,,,,0,0,False
WI,valve_callout,blanking_plate_with_output,"Blanking Plate with output, No Connector, 100mm",,,,,,0,0,False
WJ,valve_callout,blanking_plate_with_output,"Blanking Plate with output, M12, 300mm",,,,,,0,0,False
WK,valve_callout,blanking_plate_with_output,"Blanking Plate with output, M12, 1000mm",,,,,,0,0,False
WL,valve_callout,blanking_plate_with_output,"Blanking Plate with output, ZK2, 3000mm",,,,,,0,0,False
WM,valve_callout,blanking_plate_with_output,"Blanking Plate with output, ZK2, 1000mm",,,,,,0,0,False
WN,valve_callout,individual_supply_block,Individual Supply Block,,,,,,0,0,False
WP,valve_callout,individual_supply_block,"Individual Supply Block, Fitting Size -1",,,,,,1,0,False
WQ,valve_callout,individual_supply_block,"Individual Supply Block, Fitting Size -2",,,,,,2,0,False
WR,valve_callout,individual_supply_block,"Individual Supply Block, Fitting Size -3",,,,,,3,0,False
WS,valve_callout,individual_exhaust_block,Individual Exhaust Block,,,,,,0,0,False
WT,valve_callout,individual_exhaust_block,"Individual Exhaust Block, Fitting Size -1",,,,,,1,0,False
WU,valve_callout,individual_exhaust_block,"Individual Exhaust Block, Fitting Size -2",,,,,,2,0,False
WV,valve_callout,individual_exhaust_block,"Individual Exhaust Block, Fitting Size -3",,,,,,3,0,False
WW,valve_callout,blanking_plate,Blanking Plate,,,,,,0,0,False
X,valve_callout,block,P BLOCK,,,,,,0,0,False
Y,valve_callout,block,P/E BLOCK,,,,,,0,0,False
Z,valve_callout,block,E BLOCK,,,,,,0,0,False
0D,valve_callout,NA,"NO VALVES, DOUBLE WIRE",,,,,,0,0,False
0S,valve_callout,NA,"NO VALVES, SINGLE WIRE",,,,,,0,0,False
